{"coef": [9.09360779784743, -0.22804902631277207, -0.3206180848355888, -0.13485602288574933, 0.29033258725867095, 1.0667041771498904, 0.1140845113560948, 15.85545605267966, 8.10527041039382, 0.926239486914394, -0.8398289147219107, 0.11153494501546317, 0.16527383072585222, -0.32464704187532684, -0.08631837556249704, 0.09564870175161107, -0.07916988716701638, -0.1936086254450128, -0.19618772172562066, -0.041819779386020585, -0.1449264712075355, 0.16060614417824723, -0.0062714845195808505, 0.16535911004867446, 0.1609261535310039, 0.0893201913792319, 0.07266145937401788, 0.09112256204131135, 0.049410328238010455, 0.19773700918141665, -0.06181240491609134, -0.12204969946528282, 0.3125456268889476, -0.2516515310138587, -0.09287594473572128, 0.020740644292601095, -0.07199594108914707, -0.03995462699733638, 0.1303377433115923, -0.38694470602550124, -0.009076706108854651], "penalty": "l2", "gamma": 0, "fit_intercept": true, "MEAN": [17.561712982266805, 762.0068587782492, 762.6215052171983, 0.0018602758977772841, 71.91878633275283, 2.6935547162407416, 0.1342522195516751, 0.020307058419581105, 14.458233245682608, 21.61877191673506, 16.205015255049293, 11.93883302266261, 9.090870307167235, 0.12978859076862706, 0.0697503310933438, 0.09224015303870113, 0.07720606268700643, 0.06494334625006132, 0.0805169961249816, 0.08598616765585912, 0.04858488252317653, 0.03933879432971992, 0.022710550841222348, 0.05741403835777702, 0.03259430028940011, 0.022612449109726786, 0.03867660764212488, 0.03070584195811056, 0.06783734732918036, 0.03909354000098102, 0.024304703978025213, 0.42286751361161523, 0.05707068229754255, 0.020576838181193897, 0.014298327365478, 0.03126992691421004, 0.06283415902290676, 0.0709766027370383, 0.12088585863540491, 0.1749153872565851], "STD": [8.82318166594187, 6.750376352173571, 6.7647985114659095, 0.2964192566471744, 12.890697277932707, 0.9761384199360764, 0.234393404003281, 0.08252505318150613, 4.3435207983345565, 4.118598731272892, 7.107213350137418, 9.507153674692887, 1.4965292690570438, 0.19267586468807565, 0.13737370647759628, 0.15784058238013862, 0.1493441588593051, 0.1381850588305963, 0.15071231825596637, 0.14756262428638162, 0.1132520648092213, 0.10100151799014707, 0.07467632355672472, 0.12917515806489197, 0.08851843885253087, 0.07052058604191877, 0.09800646529699106, 0.09102384610335601, 0.14192760821512743, 0.0891989859640035, 0.07913167140126072, 0.40409680987716057, 0.1146194395862239, 0.06504487939520405, 0.052212277798057136, 0.0806581200265353, 0.12059327215032477, 0.1434064920597559, 0.23023048245238584, 0.20027573546094846], "Mean_4_fillna": {"T": 17.56171298226681, "Po": 762.0068587782492, "P": 762.6215052171981, "Pa": 0.0018602758977772846, "U": 71.91878633275283, "Ff": 2.6935547162407416, "Tn": 14.458233245682608, "Tx": 21.61877191673506, "VV": 16.205015255049293, "Td": 11.938833022662612, "tR": 9.090870307167236, "real_label": 0.21685387747093737}, "Prob_4_fillna": {"DD": "\u4ece\u4e1c\u5317\u504f\u4e1c\u65b9\u5411\u5439\u6765\u7684\u98ce", "N": "100%.", "RRR": "\u65e0\u964d\u6c34"}, "delete_list": ["ff10", "ff3", "Cl", "Cm", "Ch", "E", "Tg", "E'", "sss", "Nh", "H"]}